{
    "loss": [
        417.56524658203125,
        411.4669494628906,
        400.35260009765625,
        376.99713134765625,
        327.8087463378906,
        238.37576293945312,
        125.0961685180664,
        64.13615417480469,
        52.253326416015625,
        43.87700271606445,
        43.04438400268555,
        42.15800476074219,
        41.063663482666016,
        40.5045166015625,
        39.89019775390625,
        39.4509391784668,
        39.003143310546875,
        38.61227798461914,
        38.205989837646484,
        37.736297607421875,
        37.353981018066406,
        36.86822509765625,
        36.65470504760742,
        36.1304931640625,
        35.75632858276367,
        35.34817886352539,
        34.921512603759766,
        34.55031204223633,
        34.179054260253906,
        33.968910217285156,
        33.5626335144043,
        33.03177261352539,
        32.788204193115234,
        32.41685104370117,
        32.18930435180664,
        31.939546585083008,
        31.686973571777344,
        31.396514892578125,
        31.178720474243164,
        31.087068557739258,
        30.94658088684082,
        30.745601654052734,
        30.637557983398438,
        30.539323806762695,
        30.46387481689453,
        30.382802963256836,
        30.4188289642334,
        30.27715492248535,
        30.21946144104004,
        30.18343162536621
    ],
    "mean_squared_error": [
        417.56524658203125,
        411.4669494628906,
        400.35260009765625,
        376.99713134765625,
        327.8087463378906,
        238.37576293945312,
        125.0961685180664,
        64.13615417480469,
        52.253326416015625,
        43.87700271606445,
        43.04438400268555,
        42.15800476074219,
        41.063663482666016,
        40.5045166015625,
        39.89019775390625,
        39.4509391784668,
        39.003143310546875,
        38.61227798461914,
        38.205989837646484,
        37.736297607421875,
        37.353981018066406,
        36.86822509765625,
        36.65470504760742,
        36.1304931640625,
        35.75632858276367,
        35.34817886352539,
        34.921512603759766,
        34.55031204223633,
        34.179054260253906,
        33.968910217285156,
        33.5626335144043,
        33.03177261352539,
        32.788204193115234,
        32.41685104370117,
        32.18930435180664,
        31.939546585083008,
        31.686973571777344,
        31.396514892578125,
        31.178720474243164,
        31.087068557739258,
        30.94658088684082,
        30.745601654052734,
        30.637557983398438,
        30.539323806762695,
        30.46387481689453,
        30.382802963256836,
        30.4188289642334,
        30.27715492248535,
        30.21946144104004,
        30.18343162536621
    ],
    "mean_absolute_percentage_error": [
        14528375.0,
        23399374.0,
        44788784.0,
        84500192.0,
        123543752.0,
        123588736.0,
        47295292.0,
        74019256.0,
        55021200.0,
        54019932.0,
        52679296.0,
        55315556.0,
        52744328.0,
        50098652.0,
        56212328.0,
        58679632.0,
        47981704.0,
        54281256.0,
        53481416.0,
        62516824.0,
        47209660.0,
        54054584.0,
        55930900.0,
        50749260.0,
        61522180.0,
        47971052.0,
        59989732.0,
        52308680.0,
        50299116.0,
        61020032.0,
        51605712.0,
        53064352.0,
        56773956.0,
        51247624.0,
        51004264.0,
        62774684.0,
        44063496.0,
        61925412.0,
        50463900.0,
        53527556.0,
        56815120.0,
        50084116.0,
        64302664.0,
        42545288.0,
        58241944.0,
        56797280.0,
        51095452.0,
        53498276.0,
        56185932.0,
        54745316.0
    ],
    "val_loss": [
        414.1941223144531,
        406.2691955566406,
        390.24993896484375,
        355.3190612792969,
        285.34149169921875,
        174.09974670410156,
        75.83679962158203,
        59.34872817993164,
        45.354225158691406,
        44.50190734863281,
        42.22083282470703,
        41.41691207885742,
        40.70538330078125,
        40.59650421142578,
        40.04783630371094,
        39.42926025390625,
        39.03811264038086,
        38.74138641357422,
        38.16331481933594,
        37.60746383666992,
        37.26132583618164,
        36.89219665527344,
        36.30709457397461,
        35.91170120239258,
        35.55877685546875,
        35.010215759277344,
        34.474769592285156,
        33.96860122680664,
        33.761375427246094,
        33.14729309082031,
        32.88893127441406,
        32.44437026977539,
        32.047027587890625,
        31.643598556518555,
        31.34349250793457,
        30.98827362060547,
        30.77567481994629,
        30.539621353149414,
        30.37668228149414,
        30.10300636291504,
        30.07782745361328,
        29.86458396911621,
        29.763248443603516,
        29.68212127685547,
        29.59457015991211,
        29.489681243896484,
        29.62706756591797,
        29.41747283935547,
        29.353084564208984,
        29.31074333190918
    ],
    "val_mean_squared_error": [
        414.1941223144531,
        406.2691955566406,
        390.24993896484375,
        355.3190612792969,
        285.34149169921875,
        174.09974670410156,
        75.83679962158203,
        59.34872817993164,
        45.354225158691406,
        44.50190734863281,
        42.22083282470703,
        41.41691207885742,
        40.70538330078125,
        40.59650421142578,
        40.04783630371094,
        39.42926025390625,
        39.03811264038086,
        38.74138641357422,
        38.16331481933594,
        37.60746383666992,
        37.26132583618164,
        36.89219665527344,
        36.30709457397461,
        35.91170120239258,
        35.55877685546875,
        35.010215759277344,
        34.474769592285156,
        33.96860122680664,
        33.761375427246094,
        33.14729309082031,
        32.88893127441406,
        32.44437026977539,
        32.047027587890625,
        31.643598556518555,
        31.34349250793457,
        30.98827362060547,
        30.77567481994629,
        30.539621353149414,
        30.37668228149414,
        30.10300636291504,
        30.07782745361328,
        29.86458396911621,
        29.763248443603516,
        29.68212127685547,
        29.59457015991211,
        29.489681243896484,
        29.62706756591797,
        29.41747283935547,
        29.353084564208984,
        29.31074333190918
    ],
    "val_mean_absolute_percentage_error": [
        16757984.0,
        28952820.0,
        58364488.0,
        95473696.0,
        117495104.0,
        67253808.0,
        3431203.5,
        78331224.0,
        22381050.0,
        48725428.0,
        35567032.0,
        37007848.0,
        39919036.0,
        41034908.0,
        37916272.0,
        36700484.0,
        42778124.0,
        41173284.0,
        46354416.0,
        33227804.0,
        40835140.0,
        42144780.0,
        44721604.0,
        35804360.0,
        42759456.0,
        34873876.0,
        41527820.0,
        38708552.0,
        41538076.0,
        38803820.0,
        36833100.0,
        41589444.0,
        35135340.0,
        40146204.0,
        42875868.0,
        32630024.0,
        47345240.0,
        39509896.0,
        36728076.0,
        45178256.0,
        39030724.0,
        43394568.0,
        33527690.0,
        46758496.0,
        44097952.0,
        35116932.0,
        46161432.0,
        43115128.0,
        40367228.0,
        41068168.0
    ]
}