{
    "loss": [
        361.7509460449219,
        355.9556884765625,
        344.6606750488281,
        321.176513671875,
        273.7787780761719,
        191.09567260742188,
        91.57794952392578,
        52.9349365234375,
        45.294673919677734,
        40.73459243774414,
        40.47622299194336,
        38.771705627441406,
        38.228797912597656,
        37.34763717651367,
        36.7447509765625,
        36.037105560302734,
        35.67438507080078,
        35.16215515136719,
        34.60765075683594,
        34.24491500854492,
        33.757911682128906,
        33.39073181152344,
        32.979618072509766,
        32.558162689208984,
        32.14860153198242,
        31.838932037353516,
        31.457942962646484,
        31.089265823364258,
        30.762374877929688,
        30.468402862548828,
        30.12990951538086,
        30.058666229248047,
        29.679780960083008,
        29.503061294555664,
        29.310192108154297,
        29.173728942871094,
        29.042476654052734,
        29.033592224121094,
        28.886568069458008,
        28.793561935424805,
        28.77206802368164,
        28.745149612426758,
        28.746850967407227,
        28.721723556518555,
        28.63812255859375,
        28.599273681640625,
        28.587129592895508,
        28.58002281188965,
        28.561553955078125,
        28.517704010009766
    ],
    "mean_squared_error": [
        361.7509460449219,
        355.9556884765625,
        344.6606750488281,
        321.176513671875,
        273.7787780761719,
        191.09567260742188,
        91.57794952392578,
        52.9349365234375,
        45.294673919677734,
        40.73459243774414,
        40.47622299194336,
        38.771705627441406,
        38.228797912597656,
        37.34763717651367,
        36.7447509765625,
        36.037105560302734,
        35.67438507080078,
        35.16215515136719,
        34.60765075683594,
        34.24491500854492,
        33.757911682128906,
        33.39073181152344,
        32.979618072509766,
        32.558162689208984,
        32.14860153198242,
        31.838932037353516,
        31.457942962646484,
        31.089265823364258,
        30.762374877929688,
        30.468402862548828,
        30.12990951538086,
        30.058666229248047,
        29.679780960083008,
        29.503061294555664,
        29.310192108154297,
        29.173728942871094,
        29.042476654052734,
        29.033592224121094,
        28.886568069458008,
        28.793561935424805,
        28.77206802368164,
        28.745149612426758,
        28.746850967407227,
        28.721723556518555,
        28.63812255859375,
        28.599273681640625,
        28.587129592895508,
        28.58002281188965,
        28.561553955078125,
        28.517704010009766
    ],
    "mean_absolute_percentage_error": [
        3223004.25,
        3715620.25,
        3641250.0,
        23006720.0,
        76683784.0,
        127409312.0,
        117897392.0,
        97660400.0,
        88985520.0,
        53898076.0,
        65388776.0,
        74736968.0,
        74000504.0,
        76801624.0,
        66426168.0,
        85967792.0,
        60043460.0,
        88727840.0,
        60145788.0,
        85087120.0,
        70443496.0,
        79593768.0,
        71164752.0,
        81854936.0,
        67297264.0,
        86915584.0,
        69277864.0,
        76729152.0,
        78787944.0,
        67254856.0,
        85322256.0,
        72804848.0,
        78080416.0,
        74186384.0,
        85098824.0,
        65164316.0,
        88310392.0,
        67305800.0,
        82167056.0,
        72038776.0,
        81051832.0,
        71662432.0,
        81157144.0,
        79781936.0,
        68404616.0,
        82901704.0,
        73046040.0,
        75805296.0,
        80169000.0,
        73745080.0
    ],
    "val_loss": [
        NaN,
        NaN,
        NaN,
        NaN,
        NaN,
        NaN,
        NaN,
        NaN,
        NaN,
        NaN,
        NaN,
        NaN,
        NaN,
        NaN,
        NaN,
        NaN,
        NaN,
        NaN,
        NaN,
        NaN,
        NaN,
        NaN,
        NaN,
        NaN,
        NaN,
        NaN,
        NaN,
        NaN,
        NaN,
        NaN,
        NaN,
        NaN,
        NaN,
        NaN,
        NaN,
        NaN,
        NaN,
        NaN,
        NaN,
        NaN,
        NaN,
        NaN,
        NaN,
        NaN,
        NaN,
        NaN,
        NaN,
        NaN,
        NaN,
        NaN
    ],
    "val_mean_squared_error": [
        NaN,
        NaN,
        NaN,
        NaN,
        NaN,
        NaN,
        NaN,
        NaN,
        NaN,
        NaN,
        NaN,
        NaN,
        NaN,
        NaN,
        NaN,
        NaN,
        NaN,
        NaN,
        NaN,
        NaN,
        NaN,
        NaN,
        NaN,
        NaN,
        NaN,
        NaN,
        NaN,
        NaN,
        NaN,
        NaN,
        NaN,
        NaN,
        NaN,
        NaN,
        NaN,
        NaN,
        NaN,
        NaN,
        NaN,
        NaN,
        NaN,
        NaN,
        NaN,
        NaN,
        NaN,
        NaN,
        NaN,
        NaN,
        NaN,
        NaN
    ],
    "val_mean_absolute_percentage_error": [
        NaN,
        NaN,
        NaN,
        NaN,
        NaN,
        NaN,
        NaN,
        NaN,
        NaN,
        NaN,
        NaN,
        NaN,
        NaN,
        NaN,
        NaN,
        NaN,
        NaN,
        NaN,
        NaN,
        NaN,
        NaN,
        NaN,
        NaN,
        NaN,
        NaN,
        NaN,
        NaN,
        NaN,
        NaN,
        NaN,
        NaN,
        NaN,
        NaN,
        NaN,
        NaN,
        NaN,
        NaN,
        NaN,
        NaN,
        NaN,
        NaN,
        NaN,
        NaN,
        NaN,
        NaN,
        NaN,
        NaN,
        NaN,
        NaN,
        NaN
    ]
}