{
    "loss": 29.31074333190918,
    "mean_squared_error": 29.31074333190918,
    "mean_absolute_percentage_error": 41068168.0
}